title,body,labels
"[FEATURE] Implement AgentConfigAdapter","## Summary Port for team-shared agent configuration as code.  ## Source `src/AgencyLayer/Agents/Ports/IAgentConfigPort.cs`  ## Acceptance Criteria - [ ] Adapter implements all interface methods - [ ] Unit tests with >80% coverage - [ ] XML documentation  Area: backend | Priority: P2 | Phase: active ","enhancement,triage,AgencyLayer"
"[FEATURE] Implement AgentPoolAdapter","## Summary Port for agent pooling and lifecycle management.  ## Source `src/AgencyLayer/Agents/Ports/IAgentPoolPort.cs`  ## Acceptance Criteria - [ ] Adapter implements all interface methods - [ ] Unit tests with >80% coverage - [ ] XML documentation  Area: backend | Priority: P2 | Phase: active ","enhancement,triage,AgencyLayer"
"[FEATURE] Implement AsyncCodingAdapter","## Summary Port for asynchronous coding agent pipeline.  ## Source `src/AgencyLayer/Agents/Ports/IAsyncCodingPort.cs`  ## Acceptance Criteria - [ ] Adapter implements all interface methods - [ ] Unit tests with >80% coverage - [ ] XML documentation  Area: backend | Priority: P2 | Phase: active ","enhancement,triage,AgencyLayer"
"[FEATURE] Implement CodeReviewAdapter","## Summary code changes for bugs, security issues, style violations, and  ## Source `src/AgencyLayer/Agents/Ports/ICodeReviewPort.cs`  ## Acceptance Criteria - [ ] Adapter implements all interface methods - [ ] Unit tests with >80% coverage - [ ] XML documentation  Area: backend | Priority: P2 | Phase: active ","enhancement,triage,AgencyLayer"
"[FEATURE] Implement CodeSkillModelAdapter","## Summary Port for merged code + language skill model.  ## Source `src/AgencyLayer/Agents/Ports/ICodeSkillModelPort.cs`  ## Acceptance Criteria - [ ] Adapter implements all interface methods - [ ] Unit tests with >80% coverage - [ ] XML documentation  Area: backend | Priority: P2 | Phase: active ","enhancement,triage,AgencyLayer"
"[FEATURE] Implement CodebaseOptimizationAdapter","## Summary Port for codebase optimization for agents.  ## Source `src/AgencyLayer/Agents/Ports/ICodebaseOptimizationPort.cs`  ## Acceptance Criteria - [ ] Adapter implements all interface methods - [ ] Unit tests with >80% coverage - [ ] XML documentation  Area: backend | Priority: P2 | Phase: active ","enhancement,triage,AgencyLayer"
"[FEATURE] Implement CodebaseQAAdapter","## Summary answering capabilities, helping developers understand large codebases  ## Source `src/AgencyLayer/Agents/Ports/ICodebaseQAPort.cs`  ## Acceptance Criteria - [ ] Adapter implements all interface methods - [ ] Unit tests with >80% coverage - [ ] XML documentation  Area: backend | Priority: P2 | Phase: active ","enhancement,triage,AgencyLayer"
"[FEATURE] Implement CriticReviewAdapter","## Summary Port for CriticGPT-style code review.  ## Source `src/AgencyLayer/Agents/Ports/ICriticReviewPort.cs`  ## Acceptance Criteria - [ ] Adapter implements all interface methods - [ ] Unit tests with >80% coverage - [ ] XML documentation  Area: backend | Priority: P2 | Phase: active ","enhancement,triage,AgencyLayer"
"[FEATURE] Implement SpecDrivenAgentAdapter","## Summary Port for specification-driven agent development.  ## Source `src/AgencyLayer/Agents/Ports/ISpecDrivenAgentPort.cs`  ## Acceptance Criteria - [ ] Adapter implements all interface methods - [ ] Unit tests with >80% coverage - [ ] XML documentation  Area: backend | Priority: P2 | Phase: active ","enhancement,triage,AgencyLayer"
"[FEATURE] Implement SpecializedAgentAdapter","## Summary Port for specialized agent management (CrewAI-style).  ## Source `src/AgencyLayer/Agents/Ports/ISpecializedAgentPort.cs`  ## Acceptance Criteria - [ ] Adapter implements all interface methods - [ ] Unit tests with >80% coverage - [ ] XML documentation  Area: backend | Priority: P2 | Phase: active ","enhancement,triage,AgencyLayer"
"[FEATURE] Implement ToolSelectionAdapter","## Summary Port for intelligent tool selection.  ## Source `src/AgencyLayer/Agents/Ports/IToolSelectionPort.cs`  ## Acceptance Criteria - [ ] Adapter implements all interface methods - [ ] Unit tests with >80% coverage - [ ] XML documentation  Area: backend | Priority: P2 | Phase: active ","enhancement,triage,AgencyLayer"
"[FEATURE] Implement AbstractedCodeReviewAdapter","## Summary Implement adapter for AbstractedCodeReview functionality  ## Source `src/AgencyLayer/LowPriority/Ports/IAbstractedCodeReviewPort.cs`  ## Acceptance Criteria - [ ] Adapter implements all interface methods - [ ] Unit tests with >80% coverage - [ ] XML documentation  Area: backend | Priority: P3 | Phase: active ","enhancement,triage,AgencyLayer"
"[FEATURE] Implement AgentPersonalityAdapter","## Summary Implement adapter for AgentPersonality functionality  ## Source `src/AgencyLayer/LowPriority/Ports/IAgentPersonalityPort.cs`  ## Acceptance Criteria - [ ] Adapter implements all interface methods - [ ] Unit tests with >80% coverage - [ ] XML documentation  Area: backend | Priority: P3 | Phase: active ","enhancement,triage,AgencyLayer"
"[FEATURE] Implement AgentRFTAdapter","## Summary Implement adapter for AgentRFT functionality  ## Source `src/AgencyLayer/LowPriority/Ports/IAgentRFTPort.cs`  ## Acceptance Criteria - [ ] Adapter implements all interface methods - [ ] Unit tests with >80% coverage - [ ] XML documentation  Area: backend | Priority: P3 | Phase: active ","enhancement,triage,AgencyLayer"
"[FEATURE] Implement AntiRewardHackingAdapter","## Summary Implement adapter for AntiRewardHacking functionality  ## Source `src/AgencyLayer/LowPriority/Ports/IAntiRewardHackingPort.cs`  ## Acceptance Criteria - [ ] Adapter implements all interface methods - [ ] Unit tests with >80% coverage - [ ] XML documentation  Area: backend | Priority: P3 | Phase: active ","enhancement,triage,AgencyLayer"
"[FEATURE] Implement BashExecutionAdapter","## Summary Implement adapter for BashExecution functionality  ## Source `src/AgencyLayer/LowPriority/Ports/IBashExecutionPort.cs`  ## Acceptance Criteria - [ ] Adapter implements all interface methods - [ ] Unit tests with >80% coverage - [ ] XML documentation  Area: backend | Priority: P3 | Phase: active ","enhancement,triage,AgencyLayer"
"[FEATURE] Implement BurnTheBoatsAdapter","## Summary Implement adapter for BurnTheBoats functionality  ## Source `src/AgencyLayer/LowPriority/Ports/IBurnTheBoatsPort.cs`  ## Acceptance Criteria - [ ] Adapter implements all interface methods - [ ] Unit tests with >80% coverage - [ ] XML documentation  Area: backend | Priority: P3 | Phase: active ","enhancement,triage,AgencyLayer"
"[FEATURE] Implement CLIOrchestrationAdapter","## Summary Implement adapter for CLIOrchestration functionality  ## Source `src/AgencyLayer/LowPriority/Ports/ICLIOrchestrationPort.cs`  ## Acceptance Criteria - [ ] Adapter implements all interface methods - [ ] Unit tests with >80% coverage - [ ] XML documentation  Area: backend | Priority: P3 | Phase: active ","enhancement,triage,AgencyLayer"
"[FEATURE] Implement CLISkillAdapter","## Summary Implement adapter for CLISkill functionality  ## Source `src/AgencyLayer/LowPriority/Ports/ICLISkillPort.cs`  ## Acceptance Criteria - [ ] Adapter implements all interface methods - [ ] Unit tests with >80% coverage - [ ] XML documentation  Area: backend | Priority: P3 | Phase: active ","enhancement,triage,AgencyLayer"
"[FEATURE] Implement CodeOverAPIAdapter","## Summary Implement adapter for CodeOverAPI functionality  ## Source `src/AgencyLayer/LowPriority/Ports/ICodeOverAPIPort.cs`  ## Acceptance Criteria - [ ] Adapter implements all interface methods - [ ] Unit tests with >80% coverage - [ ] XML documentation  Area: backend | Priority: P3 | Phase: active ","enhancement,triage,AgencyLayer"
"[FEATURE] Implement CodeThenExecuteAdapter","## Summary Implement adapter for CodeThenExecute functionality  ## Source `src/AgencyLayer/LowPriority/Ports/ICodeThenExecutePort.cs`  ## Acceptance Criteria - [ ] Adapter implements all interface methods - [ ] Unit tests with >80% coverage - [ ] XML documentation  Area: backend | Priority: P3 | Phase: active ","enhancement,triage,AgencyLayer"
"[FEATURE] Implement ContextAnxietyAdapter","## Summary Implement adapter for ContextAnxiety functionality  ## Source `src/AgencyLayer/LowPriority/Ports/IContextAnxietyPort.cs`  ## Acceptance Criteria - [ ] Adapter implements all interface methods - [ ] Unit tests with >80% coverage - [ ] XML documentation  Area: backend | Priority: P3 | Phase: active ","enhancement,triage,AgencyLayer"
"[FEATURE] Implement CustomSandboxAdapter","## Summary Implement adapter for CustomSandbox functionality  ## Source `src/AgencyLayer/LowPriority/Ports/ICustomSandboxPort.cs`  ## Acceptance Criteria - [ ] Adapter implements all interface methods - [ ] Unit tests with >80% coverage - [ ] XML documentation  Area: backend | Priority: P3 | Phase: active ","enhancement,triage,AgencyLayer"
"[FEATURE] Implement DevToolingResetAdapter","## Summary Implement adapter for DevToolingReset functionality  ## Source `src/AgencyLayer/LowPriority/Ports/IDevToolingResetPort.cs`  ## Acceptance Criteria - [ ] Adapter implements all interface methods - [ ] Unit tests with >80% coverage - [ ] XML documentation  Area: backend | Priority: P3 | Phase: active ","enhancement,triage,AgencyLayer"
"[FEATURE] Implement FilesystemStateAdapter","## Summary Implement adapter for FilesystemState functionality  ## Source `src/AgencyLayer/LowPriority/Ports/IFilesystemStatePort.cs`  ## Acceptance Criteria - [ ] Adapter implements all interface methods - [ ] Unit tests with >80% coverage - [ ] XML documentation  Area: backend | Priority: P3 | Phase: active ","enhancement,triage,AgencyLayer"
"[FEATURE] Implement FrontierDevelopmentAdapter","## Summary Implement adapter for FrontierDevelopment functionality  ## Source `src/AgencyLayer/LowPriority/Ports/IFrontierDevelopmentPort.cs`  ## Acceptance Criteria - [ ] Adapter implements all interface methods - [ ] Unit tests with >80% coverage - [ ] XML documentation  Area: backend | Priority: P3 | Phase: active ","enhancement,triage,AgencyLayer"
"[FEATURE] Implement InferenceHealedRewardAdapter","## Summary Implement adapter for InferenceHealedReward functionality  ## Source `src/AgencyLayer/LowPriority/Ports/IInferenceHealedRewardPort.cs`  ## Acceptance Criteria - [ ] Adapter implements all interface methods - [ ] Unit tests with >80% coverage - [ ] XML documentation  Area: backend | Priority: P3 | Phase: active ","enhancement,triage,AgencyLayer"
"[FEATURE] Implement IsolatedVMAdapter","## Summary Implement adapter for IsolatedVM functionality  ## Source `src/AgencyLayer/LowPriority/Ports/IIsolatedVMPort.cs`  ## Acceptance Criteria - [ ] Adapter implements all interface methods - [ ] Unit tests with >80% coverage - [ ] XML documentation  Area: backend | Priority: P3 | Phase: active ","enhancement,triage,AgencyLayer"
"[FEATURE] Implement LaneQueueingAdapter","## Summary Implement adapter for LaneQueueing functionality  ## Source `src/AgencyLayer/LowPriority/Ports/ILaneQueueingPort.cs`  ## Acceptance Criteria - [ ] Adapter implements all interface methods - [ ] Unit tests with >80% coverage - [ ] XML documentation  Area: backend | Priority: P3 | Phase: active ","enhancement,triage,AgencyLayer"
"[FEATURE] Implement MemRLAdapter","## Summary Implement adapter for MemRL functionality  ## Source `src/AgencyLayer/LowPriority/Ports/IMemRLPort.cs`  ## Acceptance Criteria - [ ] Adapter implements all interface methods - [ ] Unit tests with >80% coverage - [ ] XML documentation  Area: backend | Priority: P3 | Phase: active ","enhancement,triage,AgencyLayer"
"[FEATURE] Implement MilestoneEscrowAdapter","## Summary Implement adapter for MilestoneEscrow functionality  ## Source `src/AgencyLayer/LowPriority/Ports/IMilestoneEscrowPort.cs`  ## Acceptance Criteria - [ ] Adapter implements all interface methods - [ ] Unit tests with >80% coverage - [ ] XML documentation  Area: backend | Priority: P3 | Phase: active ","enhancement,triage,AgencyLayer"
"[FEATURE] Implement NonCustodialSpendingAdapter","## Summary Implement adapter for NonCustodialSpending functionality  ## Source `src/AgencyLayer/LowPriority/Ports/INonCustodialSpendingPort.cs`  ## Acceptance Criteria - [ ] Adapter implements all interface methods - [ ] Unit tests with >80% coverage - [ ] XML documentation  Area: backend | Priority: P3 | Phase: active ","enhancement,triage,AgencyLayer"
"[FEATURE] Implement PerceptionArchitectureAdapter","## Summary Implement adapter for PerceptionArchitecture functionality  ## Source `src/AgencyLayer/LowPriority/Ports/IPerceptionArchitecturePort.cs`  ## Acceptance Criteria - [ ] Adapter implements all interface methods - [ ] Unit tests with >80% coverage - [ ] XML documentation  Area: backend | Priority: P3 | Phase: active ","enhancement,triage,AgencyLayer"
"[FEATURE] Implement PosteriorSamplingAdapter","## Summary Implement adapter for PosteriorSampling functionality  ## Source `src/AgencyLayer/LowPriority/Ports/IPosteriorSamplingPort.cs`  ## Acceptance Criteria - [ ] Adapter implements all interface methods - [ ] Unit tests with >80% coverage - [ ] XML documentation  Area: backend | Priority: P3 | Phase: active ","enhancement,triage,AgencyLayer"
"[FEATURE] Implement PromptCachingAdapter","## Summary Implement adapter for PromptCaching functionality  ## Source `src/AgencyLayer/LowPriority/Ports/IPromptCachingPort.cs`  ## Acceptance Criteria - [ ] Adapter implements all interface methods - [ ] Unit tests with >80% coverage - [ ] XML documentation  Area: backend | Priority: P3 | Phase: active ","enhancement,triage,AgencyLayer"
"[FEATURE] Implement RLAIFAdapter","## Summary Implement adapter for RLAIF functionality  ## Source `src/AgencyLayer/LowPriority/Ports/IRLAIFPort.cs`  ## Acceptance Criteria - [ ] Adapter implements all interface methods - [ ] Unit tests with >80% coverage - [ ] XML documentation  Area: backend | Priority: P3 | Phase: active ","enhancement,triage,AgencyLayer"
"[FEATURE] Implement RLSampleSelectionAdapter","## Summary Implement adapter for RLSampleSelection functionality  ## Source `src/AgencyLayer/LowPriority/Ports/IRLSampleSelectionPort.cs`  ## Acceptance Criteria - [ ] Adapter implements all interface methods - [ ] Unit tests with >80% coverage - [ ] XML documentation  Area: backend | Priority: P3 | Phase: active ","enhancement,triage,AgencyLayer"
"[FEATURE] Implement RewardShapingAdapter","## Summary Implement adapter for RewardShaping functionality  ## Source `src/AgencyLayer/LowPriority/Ports/IRewardShapingPort.cs`  ## Acceptance Criteria - [ ] Adapter implements all interface methods - [ ] Unit tests with >80% coverage - [ ] XML documentation  Area: backend | Priority: P3 | Phase: active ","enhancement,triage,AgencyLayer"
"[FEATURE] Implement ScaffoldingAdapter","## Summary Implement adapter for Scaffolding functionality  ## Source `src/AgencyLayer/LowPriority/Ports/IScaffoldingPort.cs`  ## Acceptance Criteria - [ ] Adapter implements all interface methods - [ ] Unit tests with >80% coverage - [ ] XML documentation  Area: backend | Priority: P3 | Phase: active ","enhancement,triage,AgencyLayer"
"[FEATURE] Implement ShellContextAdapter","## Summary Implement adapter for ShellContext functionality  ## Source `src/AgencyLayer/LowPriority/Ports/IShellContextPort.cs`  ## Acceptance Criteria - [ ] Adapter implements all interface methods - [ ] Unit tests with >80% coverage - [ ] XML documentation  Area: backend | Priority: P3 | Phase: active ","enhancement,triage,AgencyLayer"
"[FEATURE] Implement SoulboundIdentityAdapter","## Summary Implement adapter for SoulboundIdentity functionality  ## Source `src/AgencyLayer/LowPriority/Ports/ISoulboundIdentityPort.cs`  ## Acceptance Criteria - [ ] Adapter implements all interface methods - [ ] Unit tests with >80% coverage - [ ] XML documentation  Area: backend | Priority: P3 | Phase: active ","enhancement,triage,AgencyLayer"
"[FEATURE] Implement SubjectHygieneAdapter","## Summary Implement adapter for SubjectHygiene functionality  ## Source `src/AgencyLayer/LowPriority/Ports/ISubjectHygienePort.cs`  ## Acceptance Criteria - [ ] Adapter implements all interface methods - [ ] Unit tests with >80% coverage - [ ] XML documentation  Area: backend | Priority: P3 | Phase: active ","enhancement,triage,AgencyLayer"
"[FEATURE] Implement ToolSelectionGuideAdapter","## Summary Implement adapter for ToolSelectionGuide functionality  ## Source `src/AgencyLayer/LowPriority/Ports/IToolSelectionGuidePort.cs`  ## Acceptance Criteria - [ ] Adapter implements all interface methods - [ ] Unit tests with >80% coverage - [ ] XML documentation  Area: backend | Priority: P3 | Phase: active ","enhancement,triage,AgencyLayer"
"[FEATURE] Implement TriggerVocabularyAdapter","## Summary Implement adapter for TriggerVocabulary functionality  ## Source `src/AgencyLayer/LowPriority/Ports/ITriggerVocabularyPort.cs`  ## Acceptance Criteria - [ ] Adapter implements all interface methods - [ ] Unit tests with >80% coverage - [ ] XML documentation  Area: backend | Priority: P3 | Phase: active ","enhancement,triage,AgencyLayer"
"[FEATURE] Implement VMOperatorAdapter","## Summary Implement adapter for VMOperator functionality  ## Source `src/AgencyLayer/LowPriority/Ports/IVMOperatorPort.cs`  ## Acceptance Criteria - [ ] Adapter implements all interface methods - [ ] Unit tests with >80% coverage - [ ] XML documentation  Area: backend | Priority: P3 | Phase: active ","enhancement,triage,AgencyLayer"
"[FEATURE] Implement WorkspaceOrchestrationAdapter","## Summary Implement adapter for WorkspaceOrchestration functionality  ## Source `src/AgencyLayer/LowPriority/Ports/IWorkspaceOrchestrationPort.cs`  ## Acceptance Criteria - [ ] Adapter implements all interface methods - [ ] Unit tests with >80% coverage - [ ] XML documentation  Area: backend | Priority: P3 | Phase: active ","enhancement,triage,AgencyLayer"
"[FEATURE] Implement ConversationPatternAdapter","## Summary patterns including two-agent, sequential, group chat, and hierarchical  ## Source `src/AgencyLayer/MultiAgentOrchestration/Ports/IConversationPatternPort.cs`  ## Acceptance Criteria - [ ] Adapter implements all interface methods - [ ] Unit tests with >80% coverage - [ ] XML documentation  Area: backend | Priority: P2 | Phase: active ","enhancement,triage,AgencyLayer"
"[FEATURE] Implement ActionCachingAdapter","## Summary for debugging, testing, and performance optimization. Cached actions  ## Source `src/AgencyLayer/Orchestration/Ports/IActionCachingPort.cs`  ## Acceptance Criteria - [ ] Adapter implements all interface methods - [ ] Unit tests with >80% coverage - [ ] XML documentation  Area: backend | Priority: P2 | Phase: active ","enhancement,triage,AgencyLayer"
"[FEATURE] Implement AgentCommunicationAdapter","## Summary Port for agent-to-agent communication.  ## Source `src/AgencyLayer/Orchestration/Ports/IAgentCommunicationPort.cs`  ## Acceptance Criteria - [ ] Adapter implements all interface methods - [ ] Unit tests with >80% coverage - [ ] XML documentation  Area: backend | Priority: P2 | Phase: active ","enhancement,triage,AgencyLayer"
"[FEATURE] Implement AgentStateAdapter","## Summary Port for agent state management.  ## Source `src/AgencyLayer/Orchestration/Ports/IAgentStatePort.cs`  ## Acceptance Criteria - [ ] Adapter implements all interface methods - [ ] Unit tests with >80% coverage - [ ] XML documentation  Area: backend | Priority: P2 | Phase: active ","enhancement,triage,AgencyLayer"
"[FEATURE] Implement AutonomousLoopAdapter","## Summary on iterations, time, budget, and errors, with progress tracking  ## Source `src/AgencyLayer/Orchestration/Ports/IAutonomousLoopPort.cs`  ## Acceptance Criteria - [ ] Adapter implements all interface methods - [ ] Unit tests with >80% coverage - [ ] XML documentation  Area: backend | Priority: P2 | Phase: active ","enhancement,triage,AgencyLayer"
"[FEATURE] Implement BestOfNAdapter","## Summary Port for recursive best-of-N delegation.  ## Source `src/AgencyLayer/Orchestration/Ports/IBestOfNPort.cs`  ## Acceptance Criteria - [ ] Adapter implements all interface methods - [ ] Unit tests with >80% coverage - [ ] XML documentation  Area: backend | Priority: P2 | Phase: active ","enhancement,triage,AgencyLayer"
"[FEATURE] Implement BudgetRoutingAdapter","## Summary within the remaining budget and blocking requests that would exceed  ## Source `src/AgencyLayer/Orchestration/Ports/IBudgetRoutingPort.cs`  ## Acceptance Criteria - [ ] Adapter implements all interface methods - [ ] Unit tests with >80% coverage - [ ] XML documentation  Area: backend | Priority: P2 | Phase: active ","enhancement,triage,AgencyLayer"
"[FEATURE] Implement CanaryRolloutAdapter","## Summary by routing a small percentage of traffic to the new version and monitoring  ## Source `src/AgencyLayer/Orchestration/Ports/ICanaryRolloutPort.cs`  ## Acceptance Criteria - [ ] Adapter implements all interface methods - [ ] Unit tests with >80% coverage - [ ] XML documentation  Area: backend | Priority: P2 | Phase: active ","enhancement,triage,AgencyLayer"
"[FEATURE] Implement CoherenceSessionAdapter","## Summary context consolidation, checkpointing, and progress tracking  ## Source `src/AgencyLayer/Orchestration/Ports/ICoherenceSessionPort.cs`  ## Acceptance Criteria - [ ] Adapter implements all interface methods - [ ] Unit tests with >80% coverage - [ ] XML documentation  Area: backend | Priority: P2 | Phase: active ","enhancement,triage,AgencyLayer"
"[FEATURE] Implement ComplexityEscalationAdapter","## Summary Port for progressive complexity escalation.  ## Source `src/AgencyLayer/Orchestration/Ports/IComplexityEscalationPort.cs`  ## Acceptance Criteria - [ ] Adapter implements all interface methods - [ ] Unit tests with >80% coverage - [ ] XML documentation  Area: backend | Priority: P2 | Phase: active ","enhancement,triage,AgencyLayer"
"[FEATURE] Implement DistributedExecutionAdapter","## Summary Port for distributed execution with cloud workers.  ## Source `src/AgencyLayer/Orchestration/Ports/IDistributedExecutionPort.cs`  ## Acceptance Criteria - [ ] Adapter implements all interface methods - [ ] Unit tests with >80% coverage - [ ] XML documentation  Area: backend | Priority: P2 | Phase: active ","enhancement,triage,AgencyLayer"
"[FEATURE] Implement DualAgentAdapter","## Summary complex setup tasks and a maintainer for ongoing operations,  ## Source `src/AgencyLayer/Orchestration/Ports/IDualAgentPort.cs`  ## Acceptance Criteria - [ ] Adapter implements all interface methods - [ ] Unit tests with >80% coverage - [ ] XML documentation  Area: backend | Priority: P2 | Phase: active ","enhancement,triage,AgencyLayer"
"[FEATURE] Implement DualLLMAdapter","## Summary for complex reasoning and planning, and a faster/cheaper model for  ## Source `src/AgencyLayer/Orchestration/Ports/IDualLLMPort.cs`  ## Acceptance Criteria - [ ] Adapter implements all interface methods - [ ] Unit tests with >80% coverage - [ ] XML documentation  Area: backend | Priority: P2 | Phase: active ","enhancement,triage,AgencyLayer"
"[FEATURE] Implement FeatureContractAdapter","## Summary Port for feature list as immutable contract.  ## Source `src/AgencyLayer/Orchestration/Ports/IFeatureContractPort.cs`  ## Acceptance Criteria - [ ] Adapter implements all interface methods - [ ] Unit tests with >80% coverage - [ ] XML documentation  Area: backend | Priority: P2 | Phase: active ","enhancement,triage,AgencyLayer"
"[FEATURE] Implement GraphOfThoughtsAdapter","## Summary that can have multiple connections (support, contradict, refine),  ## Source `src/AgencyLayer/Orchestration/Ports/IGraphOfThoughtsPort.cs`  ## Acceptance Criteria - [ ] Adapter implements all interface methods - [ ] Unit tests with >80% coverage - [ ] XML documentation  Area: backend | Priority: P2 | Phase: active ","enhancement,triage,AgencyLayer"
"[FEATURE] Implement HandoffAdapter","## Summary Port for seamless background-to-foreground handoff.  ## Source `src/AgencyLayer/Orchestration/Ports/IHandoffPort.cs`  ## Acceptance Criteria - [ ] Adapter implements all interface methods - [ ] Unit tests with >80% coverage - [ ] XML documentation  Area: backend | Priority: P2 | Phase: active ","enhancement,triage,AgencyLayer"
"[FEATURE] Implement HumanInTheLoopAdapter","## Summary Port for human-in-the-loop operations.  ## Source `src/AgencyLayer/Orchestration/Ports/IHumanInTheLoopPort.cs`  ## Acceptance Criteria - [ ] Adapter implements all interface methods - [ ] Unit tests with >80% coverage - [ ] XML documentation  Area: backend | Priority: P2 | Phase: active ","enhancement,triage,AgencyLayer"
"[FEATURE] Implement HybridWorkflowAdapter","## Summary Port for hybrid LLM/Code workflow coordination.  ## Source `src/AgencyLayer/Orchestration/Ports/IHybridWorkflowPort.cs`  ## Acceptance Criteria - [ ] Adapter implements all interface methods - [ ] Unit tests with >80% coverage - [ ] XML documentation  Area: backend | Priority: P2 | Phase: active ","enhancement,triage,AgencyLayer"
"[FEATURE] Implement MapReduceAdapter","## Summary Port for LLM Map-Reduce pattern.  ## Source `src/AgencyLayer/Orchestration/Ports/IMapReducePort.cs`  ## Acceptance Criteria - [ ] Adapter implements all interface methods - [ ] Unit tests with >80% coverage - [ ] XML documentation  Area: backend | Priority: P2 | Phase: active ","enhancement,triage,AgencyLayer"
"[FEATURE] Implement ModelFallbackAdapter","## Summary when the primary model is unavailable or degraded. It maintains health  ## Source `src/AgencyLayer/Orchestration/Ports/IModelFallbackPort.cs`  ## Acceptance Criteria - [ ] Adapter implements all interface methods - [ ] Unit tests with >80% coverage - [ ] XML documentation  Area: backend | Priority: P2 | Phase: active ","enhancement,triage,AgencyLayer"
"[FEATURE] Implement MultiModelEditAdapter","## Summary Port for multi-model orchestration for complex edits.  ## Source `src/AgencyLayer/Orchestration/Ports/IMultiModelEditPort.cs`  ## Acceptance Criteria - [ ] Adapter implements all interface methods - [ ] Unit tests with >80% coverage - [ ] XML documentation  Area: backend | Priority: P2 | Phase: active ","enhancement,triage,AgencyLayer"
"[FEATURE] Implement PlannerWorkerAdapter","## Summary planner agent and multiple worker agents for parallel execution,  ## Source `src/AgencyLayer/Orchestration/Ports/IPlannerWorkerPort.cs`  ## Acceptance Criteria - [ ] Adapter implements all interface methods - [ ] Unit tests with >80% coverage - [ ] XML documentation  Area: backend | Priority: P2 | Phase: active ","enhancement,triage,AgencyLayer"
"[FEATURE] Implement ReliabilityMapAdapter","## Summary and mitigating reliability problems in agentic systems, based on  ## Source `src/AgencyLayer/Orchestration/Ports/IReliabilityMapPort.cs`  ## Acceptance Criteria - [ ] Adapter implements all interface methods - [ ] Unit tests with >80% coverage - [ ] XML documentation  Area: backend | Priority: P2 | Phase: active ","enhancement,triage,AgencyLayer"
"[FEATURE] Implement SandboxFanOutAdapter","## Summary Port for adaptive sandbox fan-out controller.  ## Source `src/AgencyLayer/Orchestration/Ports/ISandboxFanOutPort.cs`  ## Acceptance Criteria - [ ] Adapter implements all interface methods - [ ] Unit tests with >80% coverage - [ ] XML documentation  Area: backend | Priority: P2 | Phase: active ","enhancement,triage,AgencyLayer"
"[FEATURE] Implement SchemaValidationRetryAdapter","## Summary validation failures to improve corrections across steps and  ## Source `src/AgencyLayer/Orchestration/Ports/ISchemaValidationRetryPort.cs`  ## Acceptance Criteria - [ ] Adapter implements all interface methods - [ ] Unit tests with >80% coverage - [ ] XML documentation  Area: backend | Priority: P2 | Phase: active ","enhancement,triage,AgencyLayer"
"[FEATURE] Implement SwarmMigrationAdapter","## Summary Port for swarm migration pattern.  ## Source `src/AgencyLayer/Orchestration/Ports/ISwarmMigrationPort.cs`  ## Acceptance Criteria - [ ] Adapter implements all interface methods - [ ] Unit tests with >80% coverage - [ ] XML documentation  Area: backend | Priority: P2 | Phase: active ","enhancement,triage,AgencyLayer"
"[FEATURE] Implement TreeSearchAdapter","## Summary branching reasoning paths, backtracking, and systematic search for  ## Source `src/AgencyLayer/Orchestration/Ports/ITreeSearchPort.cs`  ## Acceptance Criteria - [ ] Adapter implements all interface methods - [ ] Unit tests with >80% coverage - [ ] XML documentation  Area: backend | Priority: P2 | Phase: active ","enhancement,triage,AgencyLayer"
"[FEATURE] Implement WorkflowEvalsAdapter","## Summary responses, allowing deterministic testing of agent decision-making  ## Source `src/AgencyLayer/Orchestration/Ports/IWorkflowEvalsPort.cs`  ## Acceptance Criteria - [ ] Adapter implements all interface methods - [ ] Unit tests with >80% coverage - [ ] XML documentation  Area: backend | Priority: P2 | Phase: active ","enhancement,triage,AgencyLayer"
"[FEATURE] Implement DualUseToolAdapter","## Summary Port for dual-use tool design.  ## Source `src/AgencyLayer/Tools/Ports/IDualUseToolPort.cs`  ## Acceptance Criteria - [ ] Adapter implements all interface methods - [ ] Unit tests with >80% coverage - [ ] XML documentation  Area: backend | Priority: P2 | Phase: active ","enhancement,triage,AgencyLayer"
"[FEATURE] Implement DynamicToolGenerationAdapter","## Summary specifications, allowing the system to extend its capabilities  ## Source `src/AgencyLayer/Tools/Ports/IDynamicToolGenerationPort.cs`  ## Acceptance Criteria - [ ] Adapter implements all interface methods - [ ] Unit tests with >80% coverage - [ ] XML documentation  Area: backend | Priority: P2 | Phase: active ","enhancement,triage,AgencyLayer"
"[FEATURE] Implement MCPToolAdapter","## Summary enabling discovery, invocation, and management of tools  ## Source `src/AgencyLayer/Tools/Ports/IMCPToolPort.cs`  ## Acceptance Criteria - [ ] Adapter implements all interface methods - [ ] Unit tests with >80% coverage - [ ] XML documentation  Area: backend | Priority: P2 | Phase: active ","enhancement,triage,AgencyLayer"
"[FEATURE] Implement MultiPlatformCommunicationAdapter","## Summary messages across multiple communication platforms (Slack, Teams,  ## Source `src/AgencyLayer/Tools/Ports/IMultiPlatformCommunicationPort.cs`  ## Acceptance Criteria - [ ] Adapter implements all interface methods - [ ] Unit tests with >80% coverage - [ ] XML documentation  Area: backend | Priority: P2 | Phase: active ","enhancement,triage,AgencyLayer"
"[FEATURE] Implement MultimodalAdapter","## Summary Port for visual AI multimodal integration.  ## Source `src/AgencyLayer/Tools/Ports/IMultimodalPort.cs`  ## Acceptance Criteria - [ ] Adapter implements all interface methods - [ ] Unit tests with >80% coverage - [ ] XML documentation  Area: backend | Priority: P2 | Phase: active ","enhancement,triage,AgencyLayer"
"[FEATURE] Implement PatchSteeringAdapter","## Summary Port for patch steering via prompted tool selection.  ## Source `src/AgencyLayer/Tools/Ports/IPatchSteeringPort.cs`  ## Acceptance Criteria - [ ] Adapter implements all interface methods - [ ] Unit tests with >80% coverage - [ ] XML documentation  Area: backend | Priority: P2 | Phase: active ","enhancement,triage,AgencyLayer"
"[FEATURE] Implement SemanticRoutingAdapter","## Summary Port for semantic intent routing.  ## Source `src/AgencyLayer/Tools/Ports/ISemanticRoutingPort.cs`  ## Acceptance Criteria - [ ] Adapter implements all interface methods - [ ] Unit tests with >80% coverage - [ ] XML documentation  Area: backend | Priority: P2 | Phase: active ","enhancement,triage,AgencyLayer"
"[FEATURE] Implement SubagentValidationAdapter","## Summary ensuring code compiles, JSON is valid, and outputs meet expected  ## Source `src/AgencyLayer/Tools/Ports/ISubagentValidationPort.cs`  ## Acceptance Criteria - [ ] Adapter implements all interface methods - [ ] Unit tests with >80% coverage - [ ] XML documentation  Area: backend | Priority: P2 | Phase: active ","enhancement,triage,AgencyLayer"
"[FEATURE] Implement ToolCreationAdapter","## Summary Port for democratization of tooling via agents.  ## Source `src/AgencyLayer/Tools/Ports/IToolCreationPort.cs`  ## Acceptance Criteria - [ ] Adapter implements all interface methods - [ ] Unit tests with >80% coverage - [ ] XML documentation  Area: backend | Priority: P2 | Phase: active ","enhancement,triage,AgencyLayer"
"[FEATURE] Implement ToolDiscoveryAdapter","## Summary Port for progressive tool discovery.  ## Source `src/AgencyLayer/Tools/Ports/IToolDiscoveryPort.cs`  ## Acceptance Criteria - [ ] Adapter implements all interface methods - [ ] Unit tests with >80% coverage - [ ] XML documentation  Area: backend | Priority: P2 | Phase: active ","enhancement,triage,AgencyLayer"
"[FEATURE] Implement ToolRetryAdapter","## Summary with configurable backoff strategies, error classification,  ## Source `src/AgencyLayer/Tools/Ports/IToolRetryPort.cs`  ## Acceptance Criteria - [ ] Adapter implements all interface methods - [ ] Unit tests with >80% coverage - [ ] XML documentation  Area: backend | Priority: P2 | Phase: active ","enhancement,triage,AgencyLayer"
"[FEATURE] Implement ToolSteeringAdapter","## Summary Port for tool use steering via prompting.  ## Source `src/AgencyLayer/Tools/Ports/IToolSteeringPort.cs`  ## Acceptance Criteria - [ ] Adapter implements all interface methods - [ ] Unit tests with >80% coverage - [ ] XML documentation  Area: backend | Priority: P2 | Phase: active ","enhancement,triage,AgencyLayer"
"[FEATURE] Implement WebSearchAgentAdapter","## Summary Port for AI web search agent loop.  ## Source `src/AgencyLayer/Tools/Ports/IWebSearchAgentPort.cs`  ## Acceptance Criteria - [ ] Adapter implements all interface methods - [ ] Unit tests with >80% coverage - [ ] XML documentation  Area: backend | Priority: P2 | Phase: active ","enhancement,triage,AgencyLayer"
"[FEATURE] Implement WebhookTriggerAdapter","## Summary Port for multi-platform webhook triggers.  ## Source `src/AgencyLayer/Tools/Ports/IWebhookTriggerPort.cs`  ## Acceptance Criteria - [ ] Adapter implements all interface methods - [ ] Unit tests with >80% coverage - [ ] XML documentation  Area: backend | Priority: P2 | Phase: active ","enhancement,triage,AgencyLayer"
"[FEATURE] Implement AuditTrailAdapter","## Summary Port for comprehensive audit trail.  ## Source `src/BusinessApplications/Compliance/Ports/IAuditTrailPort.cs`  ## Acceptance Criteria - [ ] Adapter implements all interface methods - [ ] Unit tests with >80% coverage - [ ] XML documentation  Area: product | Priority: P2 | Phase: active ","enhancement,triage,"
"[FEATURE] Implement LatentDemandAdapter","## Summary Port for latent demand product discovery.  ## Source `src/BusinessApplications/CustomerIntelligence/Ports/ILatentDemandPort.cs`  ## Acceptance Criteria - [ ] Adapter implements all interface methods - [ ] Unit tests with >80% coverage - [ ] XML documentation  Area: product | Priority: P2 | Phase: active ","enhancement,triage,"
"[FEATURE] Implement VectorStoreAdapter","## Summary Port for vector store operations.  ## Source `src/FoundationLayer/Persistence/Ports/IVectorStorePort.cs`  ## Acceptance Criteria - [ ] Adapter implements all interface methods - [ ] Unit tests with >80% coverage - [ ] XML documentation  Area: infra | Priority: P2 | Phase: active ","enhancement,triage,FoundationLayer"
"[FEATURE] Implement CredentialSyncAdapter","## Summary (Azure Key Vault, HashiCorp Vault, AWS Secrets Manager) for secure  ## Source `src/FoundationLayer/Security/Ports/ICredentialSyncPort.cs`  ## Acceptance Criteria - [ ] Adapter implements all interface methods - [ ] Unit tests with >80% coverage - [ ] XML documentation  Area: infra | Priority: P1 | Phase: active ","enhancement,triage,FoundationLayer"
"[FEATURE] Implement EgressControlAdapter","## Summary by agents and tools. All outbound traffic must be explicitly allowed  ## Source `src/FoundationLayer/Security/Ports/IEgressControlPort.cs`  ## Acceptance Criteria - [ ] Adapter implements all interface methods - [ ] Unit tests with >80% coverage - [ ] XML documentation  Area: infra | Priority: P1 | Phase: active ","enhancement,triage,FoundationLayer"
"[FEATURE] Implement PIITokenizationAdapter","## Summary personally identifiable information in text content. Tokens are deterministic  ## Source `src/FoundationLayer/Security/Ports/IPIITokenizationPort.cs`  ## Acceptance Criteria - [ ] Adapter implements all interface methods - [ ] Unit tests with >80% coverage - [ ] XML documentation  Area: infra | Priority: P1 | Phase: active ","enhancement,triage,FoundationLayer"
"[FEATURE] Implement SandboxAuthorizationAdapter","## Summary authorization for tool execution and providing resource-limited sandbox  ## Source `src/FoundationLayer/Security/Ports/ISandboxAuthorizationPort.cs`  ## Acceptance Criteria - [ ] Adapter implements all interface methods - [ ] Unit tests with >80% coverage - [ ] XML documentation  Area: infra | Priority: P1 | Phase: active ","enhancement,triage,FoundationLayer"
"[FEATURE] Implement SecurityScanningAdapter","## Summary into CI/CD pipelines for continuous security validation. All scans are  ## Source `src/FoundationLayer/Security/Ports/ISecurityScanningPort.cs`  ## Acceptance Criteria - [ ] Adapter implements all interface methods - [ ] Unit tests with >80% coverage - [ ] XML documentation  Area: infra | Priority: P1 | Phase: active ","enhancement,triage,FoundationLayer"
"[FEATURE] Implement ThreatModelAdapter","## Summary This port analyzes agent configurations and raises alerts when approaching  ## Source `src/FoundationLayer/Security/Ports/IThreatModelPort.cs`  ## Acceptance Criteria - [ ] Adapter implements all interface methods - [ ] Unit tests with >80% coverage - [ ] XML documentation  Area: infra | Priority: P1 | Phase: active ","enhancement,triage,FoundationLayer"
"[FEATURE] Implement CIFeedbackAdapter","## Summary Port for background agent with CI feedback.  ## Source `src/MetacognitiveLayer/ContinuousLearning/Ports/ICIFeedbackPort.cs`  ## Acceptance Criteria - [ ] Adapter implements all interface methods - [ ] Unit tests with >80% coverage - [ ] XML documentation  Area: backend | Priority: P2 | Phase: active ","enhancement,triage,MetacognitiveLayer"
"[FEATURE] Implement CompoundingEngineeringAdapter","## Summary Port for compounding engineering pattern.  ## Source `src/MetacognitiveLayer/ContinuousLearning/Ports/ICompoundingEngineeringPort.cs`  ## Acceptance Criteria - [ ] Adapter implements all interface methods - [ ] Unit tests with >80% coverage - [ ] XML documentation  Area: backend | Priority: P2 | Phase: active ","enhancement,triage,MetacognitiveLayer"
"[FEATURE] Implement DogfoodingAdapter","## Summary Port for dogfooding with rapid iteration.  ## Source `src/MetacognitiveLayer/ContinuousLearning/Ports/IDogfoodingPort.cs`  ## Acceptance Criteria - [ ] Adapter implements all interface methods - [ ] Unit tests with >80% coverage - [ ] XML documentation  Area: backend | Priority: P2 | Phase: active ","enhancement,triage,MetacognitiveLayer"
"[FEATURE] Implement FeedbackLoopAdapter","## Summary Port for continuous feedback loops.  ## Source `src/MetacognitiveLayer/ContinuousLearning/Ports/IFeedbackLoopPort.cs`  ## Acceptance Criteria - [ ] Adapter implements all interface methods - [ ] Unit tests with >80% coverage - [ ] XML documentation  Area: backend | Priority: P2 | Phase: active ","enhancement,triage,MetacognitiveLayer"
"[FEATURE] Implement IncidentEvalAdapter","## Summary creating a feedback loop that prevents regression and captures  ## Source `src/MetacognitiveLayer/ContinuousLearning/Ports/IIncidentEvalPort.cs`  ## Acceptance Criteria - [ ] Adapter implements all interface methods - [ ] Unit tests with >80% coverage - [ ] XML documentation  Area: backend | Priority: P2 | Phase: active ","enhancement,triage,MetacognitiveLayer"
"[FEATURE] Implement ResearchShippingAdapter","## Summary Port for shipping as research pattern.  ## Source `src/MetacognitiveLayer/ContinuousLearning/Ports/IResearchShippingPort.cs`  ## Acceptance Criteria - [ ] Adapter implements all interface methods - [ ] Unit tests with >80% coverage - [ ] XML documentation  Area: backend | Priority: P2 | Phase: active ","enhancement,triage,MetacognitiveLayer"
"[FEATURE] Implement SkillEvolutionAdapter","## Summary Port for skill library evolution.  ## Source `src/MetacognitiveLayer/ContinuousLearning/Ports/ISkillEvolutionPort.cs`  ## Acceptance Criteria - [ ] Adapter implements all interface methods - [ ] Unit tests with >80% coverage - [ ] XML documentation  Area: backend | Priority: P2 | Phase: active ","enhancement,triage,MetacognitiveLayer"
"[FEATURE] Implement SkillRefinementAdapter","## Summary execution outcomes and user feedback, automatically proposing  ## Source `src/MetacognitiveLayer/ContinuousLearning/Ports/ISkillRefinementPort.cs`  ## Acceptance Criteria - [ ] Adapter implements all interface methods - [ ] Unit tests with >80% coverage - [ ] XML documentation  Area: backend | Priority: P2 | Phase: active ","enhancement,triage,MetacognitiveLayer"
"[FEATURE] Implement SpecTestFeedbackAdapter","## Summary into executable tests, creating a feedback loop that validates  ## Source `src/MetacognitiveLayer/ContinuousLearning/Ports/ISpecTestFeedbackPort.cs`  ## Acceptance Criteria - [ ] Adapter implements all interface methods - [ ] Unit tests with >80% coverage - [ ] XML documentation  Area: backend | Priority: P2 | Phase: active ","enhancement,triage,MetacognitiveLayer"
"[FEATURE] Implement ReasoningMonitorAdapter","## Summary Port for chain-of-thought monitoring and interruption.  ## Source `src/MetacognitiveLayer/PerformanceMonitoring/Ports/IReasoningMonitorPort.cs`  ## Acceptance Criteria - [ ] Adapter implements all interface methods - [ ] Unit tests with >80% coverage - [ ] XML documentation  Area: backend | Priority: P2 | Phase: active ","enhancement,triage,MetacognitiveLayer"
"[FEATURE] Implement StreamingProgressAdapter","## Summary enabling UIs and other consumers to display live updates  ## Source `src/MetacognitiveLayer/PerformanceMonitoring/Ports/IStreamingProgressPort.cs`  ## Acceptance Criteria - [ ] Adapter implements all interface methods - [ ] Unit tests with >80% coverage - [ ] XML documentation  Area: backend | Priority: P2 | Phase: active ","enhancement,triage,MetacognitiveLayer"
"[FEATURE] Implement AgentIdentityAdapter","## Summary Port for self-identity accumulation.  ## Source `src/MetacognitiveLayer/Protocols/Common/Memory/Ports/IAgentIdentityPort.cs`  ## Acceptance Criteria - [ ] Adapter implements all interface methods - [ ] Unit tests with >80% coverage - [ ] XML documentation  Area: backend | Priority: P2 | Phase: active ","enhancement,triage,MetacognitiveLayer"
"[FEATURE] Implement CodeContextAdapter","## Summary Port for curated code context window.  ## Source `src/MetacognitiveLayer/Protocols/Common/Memory/Ports/ICodeContextPort.cs`  ## Acceptance Criteria - [ ] Adapter implements all interface methods - [ ] Unit tests with >80% coverage - [ ] XML documentation  Area: backend | Priority: P2 | Phase: active ","enhancement,triage,MetacognitiveLayer"
"[FEATURE] Implement ContextCompactionAdapter","## Summary retention to keep context within token limits while preserving  ## Source `src/MetacognitiveLayer/Protocols/Common/Memory/Ports/IContextCompactionPort.cs`  ## Acceptance Criteria - [ ] Adapter implements all interface methods - [ ] Unit tests with >80% coverage - [ ] XML documentation  Area: backend | Priority: P2 | Phase: active ","enhancement,triage,MetacognitiveLayer"
"[FEATURE] Implement EpisodicMemoryAdapter","## Summary Port for episodic memory.  ## Source `src/MetacognitiveLayer/Protocols/Common/Memory/Ports/IEpisodicMemoryPort.cs`  ## Acceptance Criteria - [ ] Adapter implements all interface methods - [ ] Unit tests with >80% coverage - [ ] XML documentation  Area: backend | Priority: P2 | Phase: active ","enhancement,triage,MetacognitiveLayer"
"[FEATURE] Implement FileContextAdapter","## Summary Port for curated file context window.  ## Source `src/MetacognitiveLayer/Protocols/Common/Memory/Ports/IFileContextPort.cs`  ## Acceptance Criteria - [ ] Adapter implements all interface methods - [ ] Unit tests with >80% coverage - [ ] XML documentation  Area: backend | Priority: P2 | Phase: active ","enhancement,triage,MetacognitiveLayer"
"[FEATURE] Implement MemorySynthesisAdapter","## Summary learnings that can improve agent performance over time. It identifies  ## Source `src/MetacognitiveLayer/Protocols/Common/Memory/Ports/IMemorySynthesisPort.cs`  ## Acceptance Criteria - [ ] Adapter implements all interface methods - [ ] Unit tests with >80% coverage - [ ] XML documentation  Area: backend | Priority: P2 | Phase: active ","enhancement,triage,MetacognitiveLayer"
"[FEATURE] Implement ProgressiveDisclosureAdapter","## Summary Port for progressive disclosure of large files.  ## Source `src/MetacognitiveLayer/Protocols/Common/Memory/Ports/IProgressiveDisclosurePort.cs`  ## Acceptance Criteria - [ ] Adapter implements all interface methods - [ ] Unit tests with >80% coverage - [ ] XML documentation  Area: backend | Priority: P2 | Phase: active ","enhancement,triage,MetacognitiveLayer"
"[FEATURE] Implement SemanticFilteringAdapter","## Summary relevant content based on query similarity, enabling efficient context  ## Source `src/MetacognitiveLayer/Protocols/Common/Memory/Ports/ISemanticFilteringPort.cs`  ## Acceptance Criteria - [ ] Adapter implements all interface methods - [ ] Unit tests with >80% coverage - [ ] XML documentation  Area: backend | Priority: P2 | Phase: active ","enhancement,triage,MetacognitiveLayer"
"[FEATURE] Implement WorkingMemoryAdapter","## Summary tasks, notes, and context during complex multi-step operations.  ## Source `src/MetacognitiveLayer/Protocols/Common/Memory/Ports/IWorkingMemoryPort.cs`  ## Acceptance Criteria - [ ] Adapter implements all interface methods - [ ] Unit tests with >80% coverage - [ ] XML documentation  Area: backend | Priority: P2 | Phase: active ","enhancement,triage,MetacognitiveLayer"
"[FEATURE] Implement ObservabilityAdapter","## Summary including distributed tracing, metrics collection, and structured  ## Source `src/MetacognitiveLayer/Telemetry/Ports/IObservabilityPort.cs`  ## Acceptance Criteria - [ ] Adapter implements all interface methods - [ ] Unit tests with >80% coverage - [ ] XML documentation  Area: backend | Priority: P2 | Phase: active ","enhancement,triage,MetacognitiveLayer"
"[FEATURE] Implement ChainOfThoughtAdapter","## Summary including zero-shot, few-shot, and self-consistency approaches  ## Source `src/ReasoningLayer/StructuredReasoning/Ports/IChainOfThoughtPort.cs`  ## Acceptance Criteria - [ ] Adapter implements all interface methods - [ ] Unit tests with >80% coverage - [ ] XML documentation  Area: backend | Priority: P2 | Phase: active ","enhancement,triage,ReasoningLayer"
"[FEATURE] Implement RAGAdapter","## Summary Port for RAG (Retrieval-Augmented Generation).  ## Source `src/ReasoningLayer/StructuredReasoning/Ports/IRAGPort.cs`  ## Acceptance Criteria - [ ] Adapter implements all interface methods - [ ] Unit tests with >80% coverage - [ ] XML documentation  Area: backend | Priority: P2 | Phase: active ","enhancement,triage,ReasoningLayer"
"[FEATURE] Implement ReActAdapter","## Summary between thinking (reasoning) and acting (tool use), with observations  ## Source `src/ReasoningLayer/StructuredReasoning/Ports/IReActPort.cs`  ## Acceptance Criteria - [ ] Adapter implements all interface methods - [ ] Unit tests with >80% coverage - [ ] XML documentation  Area: backend | Priority: P2 | Phase: active ","enhancement,triage,ReasoningLayer"
"[FEATURE] Implement ReflexionAdapter","## Summary through self-reflection on past episodes, storing insights in  ## Source `src/ReasoningLayer/StructuredReasoning/Ports/IReflexionPort.cs`  ## Acceptance Criteria - [ ] Adapter implements all interface methods - [ ] Unit tests with >80% coverage - [ ] XML documentation  Area: backend | Priority: P2 | Phase: active ","enhancement,triage,ReasoningLayer"
"[FEATURE] Implement SelfDiscoverAdapter","## Summary Port for Self-Discover LLM self-composed reasoning.  ## Source `src/ReasoningLayer/StructuredReasoning/Ports/ISelfDiscoverPort.cs`  ## Acceptance Criteria - [ ] Adapter implements all interface methods - [ ] Unit tests with >80% coverage - [ ] XML documentation  Area: backend | Priority: P2 | Phase: active ","enhancement,triage,ReasoningLayer"
